,CALC,SOLV,COUL,LJ (1-4),LJ (SR),SAS,-TS
A16G,7.315698561663506,-0.4514603333331877,-9.50019300000372,2.5397651266666923,6.843261296666999,0.11611666666666798,7.768208805000054
A58G,-5.113361938335377,-8.335242999999508,-3.2396590000028027,2.567157793333349,8.022261296666858,0.2177466666666681,-4.345625694999942
D23A,-16.801929341667154,-145.84345166666725,126.06602733333341,2.93973985333335,19.18115536999992,0.3610933333333355,-19.50649356499992
D45A,-0.7305990083365543,-238.00193733333316,244.5974376666628,0.6303755200000154,4.991222036667048,0.17838666666666736,-13.126083564999938
D52A,-6.228396175003881,-134.78137533333364,113.69186499999626,-0.0381924799999922,16.655955370000108,0.3945333333333414,-2.1511820649999507
E14D,-33.45066777700201,-24.21753533333313,0.7134679999974196,1.1941177396666722,7.241927066666955,0.47087000000000057,-18.853515249999923
E14N,-20.433750833668498,-57.69417599999983,34.809265999997706,0.21703804966668105,11.765061333333541,0.46215333333333675,-9.993093549999934
E14Q,-25.681219391668083,-68.49291800000015,46.804782999998224,0.542575658333357,7.6083983333337155,0.17758666666667455,-12.321645049999908
E15D,-14.532967277001472,-32.092612666666724,26.258895333331793,3.0593354063333527,0.36659373333332645,0.24953666666666674,-12.374715749999886
E15N,-10.667118000329737,-107.01401900000005,97.564687000003,2.085650716333345,5.432528000000538,0.2523633333333386,-8.988328049999915
E15Q,-15.352482058335159,-80.16234999999983,67.73115899999766,2.5507479916666913,-3.6460683333330426,-0.10057666666666432,-1.72539404999997
E26A,-5.613618118667178,-90.8273243333334,78.46617266666578,0.04048325966667843,9.045715770000275,0.06445333333333458,-2.403118814999857
E41A,-35.14025178533507,-313.28062766666665,294.4974953333316,1.7052659263333316,17.556915769999964,0.8504366666666687,-36.469737814999974
E7A,-38.02552061866627,-212.94547133333307,181.3256239999995,1.4058482596666755,26.587215770000544,0.9171600000000044,-35.315897314999916
E7Q,-20.820368224998038,-178.72429666666653,152.50883100000146,0.4808756583333551,8.197865000000283,0.09648333333332904,-3.380126549999936
F50A,-14.42106508867063,-34.689829000000216,24.428086999995912,2.472924623000015,42.067354836666944,1.7700666666666658,-50.46966921499995
F50L,-1.082375706999649,-19.745577666666676,15.125355666666792,2.841961708000011,11.383674766666886,0.7009733333333337,-11.388763514999994
F50V,-4.054947600003153,-40.10101233333319,30.553530666662937,5.338151536666675,30.01590890000037,1.2175700000000056,-31.079096369999952
I20V,-10.916394244900909,-6.17256766666668,-1.2395543333345813,-0.1809518648999866,13.825941000000299,0.2463600000000028,-17.395621379999962
I29A,-1.1849714002369822,-13.134680000000017,3.3504566666626943,0.9962938881000212,20.01938693666693,0.7324333333333373,-13.148862224999949
I29V,-13.503772411569622,-9.163032666666538,-0.16315466666992506,0.08628313510001284,11.83447433333346,0.3521433333333377,-16.45048587999997
I30A,-7.690905900233568,-23.03451566666662,9.230012333332752,-0.14693244523332405,12.52012027000023,0.6311033333333329,-6.890693724999938
I30G,9.74624466143017,-16.344448333333602,5.543440333330182,2.5014060147666934,18.996748233333463,0.9741933333333344,-1.9250949199999
I30T,-16.89550854889871,-15.746272333333337,9.105904666667698,-1.145421065566672,3.884350033333533,0.21963999999999917,-13.213709849999933
I30V,-12.196310578232366,14.45567100000045,-21.52681733333293,-1.8327451982333312,-4.410358999999957,0.052113333333345224,1.0658266200000561
I37A,-1.0451087335678588,-24.146388000000016,13.06714066666541,-0.435753111899976,8.479520269999963,0.1780666666666635,1.8123047750000971
I57A,9.576710933093615,-11.195807666666852,2.5785816666605115,-1.882547111899973,30.18028693666656,0.5883033333333332,-10.692106224999964
I57V,-0.8463474115717293,5.6506699999998204,-7.1811163333381955,-3.06232253156667,6.228007666666613,0.12877666666666698,-2.6103628799999647
K11A,-12.270110131671368,-232.2029023333334,232.473431666662,0.9424470300000216,11.809274703333262,0.5116566666666724,-25.80401786499992
K17A,7.385428534996938,-134.75750100000002,127.30483833333005,0.9144296966666836,19.93110803666686,0.7388233333333343,-6.746269864999974
K17G,17.790299763331745,-151.0823679999998,137.46543433333136,4.803517156666681,31.074236000000134,1.0906933333333373,-5.561213059999961
K18A,-14.106870631668913,-191.81378633333313,177.8136303333306,0.43350003000001536,13.521708036666855,0.4750066666666708,-14.53692936499992
K18G,-10.0512672366669,-191.55207066666657,176.05523333333258,3.169447490000019,16.598469333333675,0.6544433333333362,-14.976790059999946
K24A,-16.48362263167123,-195.71687199999994,172.78121366666187,2.0740810300000128,29.780008036666818,1.4067300000000014,-26.808783364999996
K24G,-15.634995570003884,-200.65993966666696,175.1417416666627,3.6802721566666694,42.30343600000035,1.7324633333333384,-37.832969059999996
K2A,-16.12155829833449,-295.5637273333332,281.1135073333319,0.3566463633333363,24.96600803666674,1.0193166666666666,-28.013309364999927
K2M,-2.9044534833334748,-291.6751103333336,277.76148766666654,0.7036306333333426,23.27474833333352,1.128216666666665,-14.097426449999965
L21A,2.094791951663627,-15.353082333333731,7.07370033333018,1.5142215816666953,18.974246736667077,0.546953333333339,-10.661247699999933
L21G,12.066034013333905,-16.7705366666666,9.290172666667104,5.059159375000012,20.97484136666672,0.7196666666666709,-7.207269395000001
L32A,2.190150618330353,-3.0382426666667186,-2.275251000003209,0.44760158166668074,17.074113403333534,0.7684000000000042,-10.786470699999938
L32I,-14.065885648102238,-2.7195140000001885,-5.907290666669496,2.391278026900023,10.424559800000706,0.06833666666666716,-18.32325547499995
L32V,-9.323513726335245,-5.1942129999997775,-3.7617806666687557,0.014492162000002917,8.196100799999881,0.22676333333333076,-8.804876354999926
L49A,6.001623785000543,-3.14057433333366,-7.473442999999406,0.09538258166667557,26.943180070000174,0.9747566666666758,-11.397678199999916
L8A,-3.7179155483337105,-2.45314399999981,-5.574322000000848,0.9353592483333619,14.888880070000162,0.5269933333333343,-12.041682199999912
N56A,-31.512845785000685,-15.584574333333649,-3.009644333333995,1.928144209999994,11.548954436666914,0.32242000000000637,-26.718145764999953
N56D,7.595730056666934,-141.96604399999984,157.24556633333304,-0.20246264333331077,-1.6572342666663484,0.04886333333332882,-5.872958699999941
P25A,-14.240177175337589,-5.41829533333344,-7.521722000004388,3.2447909313333536,4.691306536666775,-0.1285500000000006,-9.107707309999888
P33A,2.8379211579985695,-12.205399333332984,4.26718666666477,2.073534264666675,7.49203987000003,0.06787000000000276,1.1426896900000756
P61A,2.160514158000586,3.720885666667023,-13.84333333333359,1.6050079313333452,22.312773203333723,0.001200000000000756,-11.636019309999917
P6A,-7.100466675335194,-2.4052383333333225,-12.470778333335488,1.5255729313333557,7.712606536666885,-0.05613666666667072,-1.4064928099999534
Q22A,-3.8773375603348024,11.758619333333314,-13.175790333334703,0.6870699346666784,0.500017436666508,0.11632333333333111,-3.763577264999931
Q22G,-14.155664332002088,-2.766210333333504,-10.814601666669091,4.717817061333345,10.224378733333793,0.16218333333333357,-15.679231459999965
R43A,-38.376020965667664,-168.00007366666674,132.60027833333197,0.3674842126666684,20.774850336667033,1.2236233333333404,-25.342183514999938
S12A,-19.175107866337225,-21.311440000000132,11.022816999995825,-0.8334924429999901,5.906614010000394,0.07550666666667105,-14.035113099999993
S12G,-12.11782930466555,-31.517703333333586,15.246085666667682,1.7419180170000086,12.803741973333572,0.33535666666666897,-10.727228294999897
T36A,-24.565678351335222,-23.06371033333322,11.816580999997655,-0.5274837129999805,7.592203570000204,0.2762900000000066,-20.659558874999888
T36S,-16.3432534850005,-9.033818333333016,7.844166666665842,0.3105177300000226,1.3282562266666655,0.028799999999998604,-16.82117577500001
T36V,-10.71939802933857,-14.522883666667127,6.152543666661245,-1.555929465999994,1.5249576333339547,0.05107333333333397,-2.3691595299999832
T39A,-8.692138184670668,-43.66397999999968,38.2533859999952,3.3424809536666946,5.090436903333678,0.15265333333333686,-11.867115374999898
T39D,-4.252296509668207,11.487768666666227,-21.071377666667786,0.6533874336666803,5.346681533333326,0.31436333333333,-0.9831198099999838
T3A,-3.0916705180047193,-30.67098299999985,24.815240333328234,2.3688622870000278,5.297303570000106,0.256646666666672,-5.158740374999908
T3G,4.34529587700143,-25.823404000000053,27.086096333334467,5.0124914136666785,9.28869820000024,0.4324600000000074,-11.65104606999991
T3V,-10.109166696002397,-21.300688333333852,20.19760099999769,-0.34906746599997884,1.897257633333723,-0.015799999999999592,-10.538469529999979
V19A,-10.983291321999161,-19.02800099999986,0.8001633333340123,-0.12113058033331514,11.943445936666631,0.2422133333333365,-4.819982344999964
V34A,-4.342311821999445,-7.774023666666565,0.348605333333353,0.7822074196666899,6.4016792700003675,0.13184666666667244,-4.232626844999963
V34G,9.347249572995675,-13.810273666666646,8.162682999995468,2.9484465463333556,12.406107233333444,0.5680100000000103,-0.9277235399999562
V34T,-7.22156813733234,0.39863766666636025,-12.309440999999083,2.0290927993333545,4.30340903333358,-0.15734666666666097,-1.485919969999891
V38A,-1.0676133220009012,-13.864012666666625,7.260997999998608,3.1685544196666764,9.778112603333721,0.1516966666666706,-7.562962344999953
V47A,18.45862834466641,-19.600109666666597,12.961643666666305,-1.034401580333324,30.251812603333274,0.502886666666666,-4.623203344999915
V51A,9.770902844663198,-20.108945999999563,9.385214666662023,2.5379254196666774,11.53161260333398,0.39540000000000664,6.0296961550000745
V60A,-5.454204822002288,-17.039334666666676,3.2681956666644965,-0.5010899136666613,14.190812603333125,0.32077333333333957,-5.693561844999913
V60G,9.04495407299886,-5.684879666666504,-0.19826333333503499,1.3683195463333653,13.408540566667,0.4617900000000028,-0.3105530399999701
V60T,-8.116128470665835,4.836111333333662,-14.812989666666567,0.10369313266667657,4.228442366667011,-0.13275666666666464,-2.3386289699999523
V63A,-0.7459791553372588,-15.88410200000017,7.2890593333293054,1.4772660863333438,8.504512603333506,0.04267666666666958,-2.175391844999915
V63G,9.416912072995292,-25.216653000000107,10.190267333328393,2.4210732130000117,21.04597390000032,0.5772066666666711,0.39904396000000375
V63T,4.102142029333713,0.47190299999979857,0.34309966666694436,-1.12067653399997,-0.28895763333316893,-0.2245499999999927,4.921323530000102
