,EXP,CALC,SOLV,COUL,LJ,SAS,-TS
E11A,-1.10,1.7152,-18.0360,17.7297,0.8522,1.4931,-0.3240
E128A,0.16,0.7588,-22.4257,22.5744,0.5121,0.5065,-0.4086
I3A,0.70,2.8336,-0.1031,0.3016,1.2255,1.5548,-0.1453
I3G,2.10,3.7282,0.3379,0.2060,1.3812,1.8447,-0.0415
I3T,2.30,1.0609,0.8662,-0.2569,0.2863,0.1999,-0.0347
I3V,0.40,1.7426,-0.3124,0.6587,0.7314,0.7130,-0.0481
K124G,0.10,-0.8264,4.0245,-6.2053,0.8276,0.9636,-0.4368
L133A,3.60,3.5470,0.0838,0.0432,1.8469,2.0013,-0.4282
N116D,-0.60,-0.2713,21.4054,-21.7141,0.0261,-0.2210,0.2322
N144D,-0.50,-1.0599,18.3443,-18.7242,-0.3021,-0.4406,0.0628
N55G,0.60,0.7410,-1.7963,2.2431,0.0651,0.3880,-0.1589
P37A,0.00,0.3662,-0.5165,0.7338,0.1004,0.1134,-0.0649
D20A,0.30,0.0143,-18.3642,18.5994,-0.0150,0.0669,-0.2729
D47A,0.95,0.2427,-21.1740,20.1132,0.7186,0.8644,-0.2793
D92N,1.40,-0.6302,-26.1845,26.0719,-0.1333,-0.2149,-0.1694
E45A,-0.01,0.7393,-18.7687,19.0294,0.3347,0.4995,-0.3555
F153A,3.80,4.7497,-0.4937,0.6420,2.4228,2.5375,-0.3589
F153L,-0.30,2.0754,-0.2152,0.3984,1.0017,0.8944,-0.0038
F67A,1.90,4.1671,-0.5669,0.7109,2.0105,2.3950,-0.3825
I100A,3.40,2.7283,-0.1956,0.3929,1.0574,1.5052,-0.0316
I17A,2.70,2.8361,0.5077,-0.2110,1.2202,1.3648,-0.0456
I27A,3.10,1.5650,0.8058,-0.9398,0.7858,1.0365,-0.1232
I29A,2.60,1.9056,-0.0554,-0.1791,1.0096,1.3035,-0.1730
I50A,2.00,1.8815,-0.2804,0.4837,0.7113,1.0482,-0.0813
I58A,3.20,2.5577,0.3032,-0.2265,1.2653,1.3401,-0.1244
I78A,1.60,2.1050,0.5966,-0.3818,1.0841,0.9553,-0.1492
K43A,1.03,0.8240,4.9887,-5.9595,0.9357,1.4177,-0.5586
K48A,0.56,-1.0669,-3.1758,2.5862,-0.0682,0.0277,-0.4369
L118A,3.50,2.5925,-0.2382,0.6490,1.1195,1.3018,-0.2397
L121A,2.30,3.1791,-0.2176,0.2766,1.7228,1.6908,-0.2935
L33A,3.60,3.7743,0.1607,0.0642,1.8963,1.9727,-0.3196
L39A,0.90,0.6282,0.0951,0.1327,0.4421,0.2351,-0.2768
L46A,1.86,2.2193,-0.1106,0.1248,1.1284,1.5875,-0.5107
L66A,3.90,2.0730,0.0201,-0.0270,1.1684,1.3024,-0.3910
L7A,2.60,2.2460,0.1949,-0.6337,1.4595,1.6089,-0.3836
L84A,3.90,3.3378,-0.3001,0.5352,1.5394,1.8805,-0.3173
L91A,3.10,2.8153,-0.2833,0.3113,1.3672,1.6616,-0.2415
L99A,4.50,3.7784,-0.0125,0.2190,1.7623,2.1142,-0.3046
L99G,6.30,5.3065,-0.0914,0.3768,2.3473,2.9269,-0.2531
M106A,2.30,2.1443,-0.4873,0.4350,1.2023,1.3531,-0.3588
M120A,0.20,1.2386,-0.1547,-0.5951,1.4820,1.0753,-0.5688
M6A,1.90,2.5891,-1.2993,0.4073,2.0546,1.9564,-0.5299
N116A,-0.17,-0.6469,-1.0628,1.3542,-0.2914,-0.4281,-0.2187
N163D,0.21,-1.0151,11.2314,-11.7342,-0.3249,-0.3586,0.1711
N40A,-0.32,-0.5934,-0.8664,1.2323,-0.3858,-0.3979,-0.1755
N40D,-0.44,-0.5018,16.5729,-16.6910,-0.2385,-0.3540,0.2087
N68A,-0.05,0.4464,-0.5166,0.2869,0.4475,0.4300,-0.2014
Q122A,0.24,0.8014,-0.0972,-0.3749,0.7602,0.8079,-0.2945
Q123A,0.22,-0.3968,-0.4491,-0.3304,0.2565,0.5231,-0.3970
R119A,0.18,-0.0615,11.5935,-12.3886,0.6251,0.6813,-0.5728
S117A,-1.27,-0.4807,-0.9039,0.2057,0.1947,0.0550,-0.0323
S44A,-0.34,-0.1581,0.4219,-0.1990,-0.1245,-0.1658,-0.0906
S44G,0.53,0.1874,0.4750,-0.2384,0.0612,-0.0789,-0.0315
T115A,0.14,-0.5169,0.2747,-0.3520,-0.0893,-0.3871,0.0368
T151S,-0.39,-0.1861,-0.0303,-0.3146,-0.0512,0.1323,0.0776
T152S,2.60,0.2912,0.2094,-0.4149,0.1998,0.2426,0.0542
T26S,-0.57,0.0512,0.1894,-0.7130,0.3203,0.2077,0.0467
T59A,1.50,0.1698,-0.4709,0.3013,0.2453,0.1770,-0.0829
T59G,1.60,0.7761,-0.7091,0.3616,0.5319,0.4808,0.1108
T59S,0.20,-0.3686,0.1901,-0.5007,-0.0752,-0.0445,0.0617
T59V,1.50,-0.3798,-0.3257,0.3572,-0.1460,-0.2101,-0.0551
V111A,1.10,0.7774,0.1273,-0.3041,0.5018,0.5634,-0.1110
V149T,3.00,1.2467,0.8021,0.4159,0.0400,-0.0596,0.0482
V71A,1.50,1.8297,0.2675,-0.0877,0.7717,0.9641,-0.0860
V75T,1.30,0.3072,0.5199,0.1310,-0.1879,-0.1678,0.0121
V87A,1.70,1.5537,0.4393,-0.2999,0.6740,0.6789,0.0613
V87T,1.60,0.2560,0.6656,-0.2236,-0.0592,-0.1333,0.0064
V94A,1.80,0.7833,0.0581,-0.1377,0.4197,0.3698,0.0735
Q105A,0.60,2.1824,-2.3017,2.0274,1.1825,1.5670,-0.2928
Q105E,1.10,0.6802,21.0233,-19.3742,-0.8489,-0.4436,0.3237
Q105G,3.11,2.5340,-2.9951,2.1051,1.5786,2.0454,-0.2000
Q123E,-0.40,-0.7031,20.7350,-21.1032,-0.3720,-0.0424,0.0795
T157A,0.50,0.7614,-1.0694,1.5674,0.0794,0.2635,-0.0795
T157G,1.10,1.2508,-1.0551,1.3893,0.2936,0.6761,-0.0530
T157S,0.66,0.4842,0.2009,-0.1649,0.1019,0.3221,0.0242
T157V,1.20,0.4266,-1.2121,1.8563,-0.2488,-0.0149,0.0462
V103A,1.91,2.0695,0.0659,0.2962,0.7185,0.9742,0.0147
V131A,-0.39,0.8371,-0.0861,0.2540,0.2871,0.4229,-0.0408
V131G,0.68,1.3444,-0.1656,0.3664,0.5514,0.5246,0.0676
V131T,0.12,0.6522,-0.3257,0.5288,0.1030,0.1973,0.1488
V149A,2.87,2.9766,-0.3222,0.5285,1.3631,1.3667,0.0406
Y25G,4.55,6.4469,-1.7923,2.1667,2.9194,3.6985,-0.5453
